wu,wr,wd,wl,au,ar,ad,al,bu,br,bd,bl
300,300,300,300,0,0,0,0,,,,
292,308,308,292,0,0,0,0,,,,
284,316,316,284,0,0,0,0,,,,
276,324,324,276,0,0,0,0,,,,
268,332,332,268,0,0,0,0,,,,
260,340,340,260,0,0,0,0,,,,
252,348,348,252,0,0,0,0,,,,
244,348,356,252,0,0,0,0,,,,
236,348,364,252,0,0,0,0,,,,
228,348,372,252,0,0,0,0,,,,
220,348,380,252,0,0,0,0,,,,
212,348,388,252,0,0,0,0,,,,
204,348,396,252,0,0,0,0,,,,
196,348,404,252,0,0,0,0,,,,
188,348,412,252,0,0,0,0,,,,
180,348,420,252,0,0,0,0,,,,
172,348,428,252,0,0,0,0,,,,
164,348,436,252,0,0,0,0,,,,
156,348,444,252,0,0,0,0,,,,
148,348,452,252,0,0,0,0,,,,
156,340,444,260,0,0,0,0,0.0,0.0,0.0,0.0
164,332,436,268,0,0,0,0,0.0,0.0,0.0,0.0
172,332,428,268,0,0,0,0,1.0,0.0,0.0,0.0
180,332,420,268,0,0,0,0,1.0,0.0,0.0,0.0
188,332,412,268,0,0,0,0,1.0,0.0,0.0,0.0
196,332,404,268,0,0,0,0,1.0,0.0,0.0,0.0
204,332,396,268,0,0,0,0,1.0,0.0,0.0,0.0
212,332,388,268,0,0,0,0,1.0,0.0,0.0,0.0
220,332,380,268,0,0,0,0,1.0,0.0,0.0,0.0
228,332,372,268,0,0,0,0,1.0,0.0,0.0,0.0
236,332,364,268,0,0,0,0,1.0,0.0,0.0,0.0
244,332,356,268,0,0,0,0,1.0,0.0,0.0,0.0
252,332,348,268,0,0,0,0,1.0,0.0,0.0,0.0
260,332,340,268,0,0,0,0,1.0,0.0,0.0,0.0
268,332,332,268,0,0,0,0,1.0,0.0,0.0,0.0
276,332,324,268,0,0,0,0,1.0,0.0,0.0,0.0
284,332,316,268,0,0,0,0,1.0,0.0,0.0,0.0
292,332,308,268,0,0,0,0,1.0,0.0,0.0,0.0
300,332,300,268,0,0,0,0,1.0,0.0,0.0,0.0
308,332,292,268,0,0,0,0,1.0,0.0,0.0,0.0
316,332,284,268,0,0,0,0,1.0,0.0,0.0,0.0
324,332,276,268,0,0,0,0,1.0,0.0,0.0,0.0
332,332,268,268,0,0,0,0,1.0,0.0,0.0,0.0
340,332,260,268,0,0,0,0,1.0,0.0,0.0,0.0
348,332,252,268,0,0,0,0,1.0,0.0,0.0,0.0
356,332,244,268,0,0,0,0,1.0,0.0,0.0,0.0
364,332,236,268,0,0,0,0,1.0,0.0,0.0,0.0
372,332,228,268,0,0,0,0,1.0,0.0,0.0,0.0
380,332,220,268,0,0,0,0,1.0,0.0,0.0,0.0
388,332,212,268,0,0,0,0,1.0,0.0,0.0,0.0
396,332,204,268,0,0,0,0,1.0,0.0,0.0,0.0
404,332,196,268,0,0,0,0,1.0,0.0,0.0,0.0
412,332,188,268,0,0,0,0,1.0,0.0,0.0,0.0
420,332,180,268,0,0,0,0,1.0,0.0,0.0,0.0
428,332,172,268,0,0,0,0,1.0,0.0,0.0,0.0
436,332,164,268,0,0,0,0,1.0,0.0,0.0,0.0
444,332,156,268,0,0,0,0,1.0,0.0,0.0,0.0
452,332,148,268,0,0,0,0,1.0,0.0,0.0,0.0
460,332,140,268,0,0,0,0,1.0,0.0,0.0,0.0
468,332,132,268,0,0,0,0,1.0,0.0,0.0,0.0
476,332,124,268,0,0,0,0,1.0,0.0,0.0,0.0
484,332,116,268,0,0,0,0,1.0,0.0,0.0,0.0
492,332,108,268,0,0,0,0,1.0,0.0,0.0,0.0
500,332,100,268,0,0,0,0,1.0,0.0,0.0,0.0
508,332,92,268,0,0,0,0,1.0,0.0,0.0,0.0
516,332,84,268,0,0,0,0,1.0,0.0,0.0,0.0
524,332,76,268,0,0,0,0,1.0,0.0,0.0,0.0
532,332,68,268,0,0,0,0,1.0,0.0,0.0,0.0
540,332,60,268,0,0,0,0,1.0,0.0,0.0,0.0
548,332,52,268,0,0,0,0,1.0,0.0,0.0,0.0
540,324,60,276,0,0,0,0,0.0,0.0,0.0,0.0
532,316,68,284,0,0,0,0,0.0,0.0,0.0,0.0
524,308,76,292,0,0,0,0,0.0,0.0,0.0,0.0
516,300,84,300,0,0,0,0,0.0,0.0,0.0,0.0
508,292,92,308,0,0,0,0,0.0,0.0,0.0,0.0
500,284,100,316,0,0,0,0,0.0,0.0,0.0,0.0
492,276,108,324,0,0,0,0,0.0,0.0,0.0,0.0
492,268,108,332,0,0,0,0,0.0,0.0,0.0,1.0
492,260,108,340,0,0,0,0,0.0,0.0,0.0,1.0
492,252,108,348,0,0,0,0,0.0,0.0,0.0,1.0
492,244,108,356,0,0,0,0,0.0,0.0,0.0,1.0
492,236,108,364,0,0,0,0,0.0,0.0,0.0,1.0
492,228,108,372,0,0,0,0,0.0,0.0,0.0,1.0
492,220,108,380,0,0,0,0,0.0,0.0,0.0,1.0
492,212,108,388,0,0,0,0,0.0,0.0,0.0,1.0
492,204,108,396,0,0,0,0,0.0,0.0,0.0,1.0
484,196,116,404,0,0,0,0,0.0,0.0,0.0,0.0
476,188,124,412,0,0,0,0,0.0,0.0,0.0,0.0
468,180,132,420,0,0,0,0,0.0,0.0,0.0,0.0
460,172,140,428,0,0,0,0,0.0,0.0,0.0,0.0
452,164,148,436,0,0,0,0,0.0,0.0,0.0,0.0
444,156,156,444,0,0,0,0,0.0,0.0,0.0,0.0
436,148,164,452,0,0,0,0,0.0,0.0,0.0,0.0
428,140,172,460,0,0,0,0,0.0,0.0,0.0,0.0
420,132,180,468,0,0,0,0,0.0,0.0,0.0,0.0
412,124,188,476,0,0,0,0,0.0,0.0,0.0,0.0
404,116,196,484,0,0,0,0,0.0,0.0,0.0,0.0
396,108,204,492,0,0,0,0,0.0,0.0,0.0,0.0
388,108,212,492,0,0,0,0,0.0,0.0,1.0,0.0
380,108,220,492,0,0,0,0,0.0,0.0,1.0,0.0
372,108,228,492,0,0,0,0,0.0,0.0,1.0,0.0
364,108,236,492,0,0,0,0,0.0,0.0,1.0,0.0
356,108,244,492,0,0,0,0,0.0,0.0,1.0,0.0
348,108,252,492,0,0,0,0,0.0,0.0,1.0,0.0
340,108,260,492,0,0,0,0,0.0,0.0,1.0,0.0
332,108,268,492,0,0,0,0,0.0,0.0,1.0,0.0
324,108,276,492,0,0,0,0,0.0,0.0,1.0,0.0
316,108,284,492,0,0,0,0,0.0,0.0,1.0,0.0
308,108,292,492,0,0,0,0,0.0,0.0,1.0,0.0
300,108,300,492,0,0,0,0,0.0,0.0,1.0,0.0
292,108,308,492,0,0,0,0,0.0,0.0,1.0,0.0
284,108,316,492,0,0,0,0,0.0,0.0,1.0,0.0
276,108,324,492,0,0,0,0,0.0,0.0,1.0,0.0
268,108,332,492,0,0,0,0,0.0,0.0,1.0,0.0
260,108,340,492,0,0,0,0,0.0,0.0,1.0,0.0
252,108,348,492,0,0,0,0,0.0,0.0,1.0,0.0
244,108,356,492,0,0,0,0,0.0,0.0,1.0,0.0
236,108,364,492,0,0,0,0,0.0,0.0,1.0,0.0
228,108,372,492,0,0,0,0,0.0,0.0,1.0,0.0
220,108,380,492,0,0,0,0,0.0,0.0,1.0,0.0
212,108,388,492,0,0,0,0,0.0,0.0,1.0,0.0
204,108,396,492,0,0,0,0,0.0,0.0,1.0,0.0
196,108,404,492,0,0,0,0,0.0,0.0,1.0,0.0
188,108,412,492,0,0,0,0,0.0,0.0,1.0,0.0
180,108,420,492,0,0,0,0,0.0,0.0,1.0,0.0
172,108,428,492,0,0,0,0,0.0,0.0,1.0,0.0
164,108,436,492,0,0,0,0,0.0,0.0,1.0,0.0
172,116,428,484,0,0,0,0,0.0,0.0,0.0,0.0
180,124,420,476,0,0,0,0,0.0,0.0,0.0,0.0
188,132,412,468,0,0,0,0,0.0,0.0,0.0,0.0
196,140,404,460,0,0,0,0,0.0,0.0,0.0,0.0
204,148,396,452,0,0,0,0,0.0,0.0,0.0,0.0
212,156,388,444,0,0,0,0,0.0,0.0,0.0,0.0
220,164,380,436,0,0,0,0,0.0,0.0,0.0,0.0
228,172,372,428,0,0,0,0,0.0,0.0,0.0,0.0
236,180,364,420,0,0,0,0,0.0,0.0,0.0,0.0
244,188,356,412,0,0,0,0,0.0,0.0,0.0,0.0
252,196,348,404,0,0,0,0,0.0,0.0,0.0,0.0
260,204,340,396,0,0,0,0,0.0,0.0,0.0,0.0
268,212,332,388,0,0,0,0,0.0,0.0,0.0,0.0
276,212,324,388,0,0,0,0,1.0,0.0,0.0,0.0
284,212,316,388,0,0,0,0,1.0,0.0,0.0,0.0
292,212,308,388,0,0,0,0,1.0,0.0,0.0,0.0
300,212,300,388,0,0,0,0,1.0,0.0,0.0,0.0
308,212,292,388,0,0,0,0,1.0,0.0,0.0,0.0
316,212,284,388,0,0,0,0,1.0,0.0,0.0,0.0
324,212,276,388,0,0,0,0,1.0,0.0,0.0,0.0
332,212,268,388,0,0,0,0,1.0,0.0,0.0,0.0
340,204,260,396,0,0,0,0,0.0,0.0,0.0,0.0
348,196,252,404,0,0,0,0,0.0,0.0,0.0,0.0
356,188,244,412,0,0,0,0,0.0,0.0,0.0,0.0
364,180,236,420,0,0,0,0,0.0,0.0,0.0,0.0
372,172,228,428,0,0,0,0,0.0,0.0,0.0,0.0
380,164,220,436,0,0,0,0,0.0,0.0,0.0,0.0
388,156,212,444,0,0,0,0,0.0,0.0,0.0,0.0
396,156,204,444,0,0,0,0,1.0,0.0,0.0,0.0
404,156,196,444,0,0,0,0,1.0,0.0,0.0,0.0
412,156,188,444,0,0,0,0,1.0,0.0,0.0,0.0
420,156,180,444,0,0,0,0,1.0,0.0,0.0,0.0
428,156,172,444,0,0,0,0,1.0,0.0,0.0,0.0
436,156,164,444,0,0,0,0,1.0,0.0,0.0,0.0
444,156,156,444,0,0,0,0,1.0,0.0,0.0,0.0
452,156,148,444,0,0,0,0,1.0,0.0,0.0,0.0
460,156,140,444,0,0,0,0,1.0,0.0,0.0,0.0
468,156,132,444,0,0,0,0,1.0,0.0,0.0,0.0
476,156,124,444,0,0,0,0,1.0,0.0,0.0,0.0
484,156,116,444,0,0,0,0,1.0,0.0,0.0,0.0
492,164,108,436,0,0,0,0,0.0,0.0,0.0,0.0
500,172,100,428,0,0,0,0,0.0,0.0,0.0,0.0
508,180,92,420,0,0,0,0,0.0,0.0,0.0,0.0
516,188,84,412,0,0,0,0,0.0,0.0,0.0,0.0
524,196,76,404,0,0,0,0,0.0,0.0,0.0,0.0
532,204,68,396,0,0,0,0,0.0,0.0,0.0,0.0
540,212,60,388,0,0,0,0,0.0,0.0,0.0,0.0
548,220,52,380,0,0,0,0,0.0,0.0,0.0,0.0
556,228,44,372,0,0,0,0,0.0,0.0,0.0,0.0
564,236,36,364,0,0,0,0,0.0,0.0,0.0,0.0
564,244,36,356,0,0,0,0,0.0,1.0,0.0,0.0
564,252,36,348,0,0,0,0,0.0,1.0,0.0,0.0
564,260,36,340,0,0,0,0,0.0,1.0,0.0,0.0
564,268,36,332,0,0,0,0,0.0,1.0,0.0,0.0
564,276,36,324,0,0,0,0,0.0,1.0,0.0,0.0
564,284,36,316,0,0,0,0,0.0,1.0,0.0,0.0
564,292,36,308,0,0,0,0,0.0,1.0,0.0,0.0
564,300,36,300,0,0,0,0,0.0,1.0,0.0,0.0
564,308,36,292,0,0,0,0,0.0,1.0,0.0,0.0
564,316,36,284,0,0,0,0,0.0,1.0,0.0,0.0
564,324,36,276,0,0,0,0,0.0,1.0,0.0,0.0
564,332,36,268,0,0,0,0,0.0,1.0,0.0,0.0
564,340,36,260,0,0,0,0,0.0,1.0,0.0,0.0
564,348,36,252,0,0,0,0,0.0,1.0,0.0,0.0
564,356,36,244,0,0,0,0,0.0,1.0,0.0,0.0
564,364,36,236,0,0,0,0,0.0,1.0,0.0,0.0
564,372,36,228,0,0,0,0,0.0,1.0,0.0,0.0
564,380,36,220,0,0,0,0,0.0,1.0,0.0,0.0
564,388,36,212,0,0,0,0,0.0,1.0,0.0,0.0
564,396,36,204,0,0,0,0,0.0,1.0,0.0,0.0
564,404,36,196,0,0,0,0,0.0,1.0,0.0,0.0
564,412,36,188,0,0,0,0,0.0,1.0,0.0,0.0
556,404,44,196,0,0,0,0,0.0,0.0,0.0,0.0
548,396,52,204,0,0,0,0,0.0,0.0,0.0,0.0
540,388,60,212,0,0,0,0,0.0,0.0,0.0,0.0
532,380,68,220,0,0,0,0,0.0,0.0,0.0,0.0
524,372,76,228,0,0,0,0,0.0,0.0,0.0,0.0
516,364,84,236,0,0,0,0,0.0,0.0,0.0,0.0
508,356,92,244,0,0,0,0,0.0,0.0,0.0,0.0
500,348,100,252,0,0,0,0,0.0,0.0,0.0,0.0
492,340,108,260,0,0,0,0,0.0,0.0,0.0,0.0
484,332,116,268,0,0,0,0,0.0,0.0,0.0,0.0
476,324,124,276,0,0,0,0,0.0,0.0,0.0,0.0
468,316,132,284,0,0,0,0,0.0,0.0,0.0,0.0
460,308,140,292,0,0,0,0,0.0,0.0,0.0,0.0
452,300,148,300,0,0,0,0,0.0,0.0,0.0,0.0
444,292,156,308,0,0,0,0,0.0,0.0,0.0,0.0
436,284,164,316,0,0,0,0,0.0,0.0,0.0,0.0
428,276,172,324,0,0,0,0,0.0,0.0,0.0,0.0
420,268,180,332,0,0,0,0,0.0,0.0,0.0,0.0
412,260,188,340,0,0,0,0,0.0,0.0,0.0,0.0
404,252,196,348,0,0,0,0,0.0,0.0,0.0,0.0
396,244,204,356,0,0,0,0,0.0,0.0,0.0,0.0
388,236,212,364,0,0,0,0,0.0,0.0,0.0,0.0
380,228,220,372,0,0,0,0,0.0,0.0,0.0,0.0
372,220,228,380,0,0,0,0,0.0,0.0,0.0,0.0
364,212,236,388,0,0,0,0,0.0,0.0,0.0,0.0
356,204,244,396,0,0,0,0,0.0,0.0,0.0,0.0
348,196,252,404,0,0,0,0,0.0,0.0,0.0,0.0
340,188,260,412,0,0,0,0,0.0,0.0,0.0,0.0
332,180,268,420,0,0,0,0,0.0,0.0,0.0,0.0
324,172,276,428,0,0,0,0,0.0,0.0,0.0,0.0
316,164,284,436,0,0,0,0,0.0,0.0,0.0,0.0
308,156,292,444,0,0,0,0,0.0,0.0,0.0,0.0
300,156,300,444,0,0,0,0,0.0,0.0,1.0,0.0
292,156,308,444,0,0,0,0,0.0,0.0,1.0,0.0
284,148,316,452,0,0,0,0,0.0,0.0,0.0,0.0
276,140,324,460,0,0,0,0,0.0,0.0,0.0,0.0
268,132,332,468,0,0,0,0,0.0,0.0,0.0,0.0
260,124,340,476,0,0,0,0,0.0,0.0,0.0,0.0
252,116,348,484,0,0,0,0,0.0,0.0,0.0,0.0
244,108,356,492,0,0,0,0,0.0,0.0,0.0,0.0
236,108,364,492,0,0,0,0,0.0,0.0,1.0,0.0
228,108,372,492,0,0,0,0,0.0,0.0,1.0,0.0
220,108,380,492,0,0,0,0,0.0,0.0,1.0,0.0
212,108,388,492,0,0,0,0,0.0,0.0,1.0,0.0
204,108,396,492,0,0,0,0,0.0,0.0,1.0,0.0
196,108,404,492,0,0,0,0,0.0,0.0,1.0,0.0
188,108,412,492,0,0,0,0,0.0,0.0,1.0,0.0
180,108,420,492,0,0,0,0,0.0,0.0,1.0,0.0
172,108,428,492,0,0,0,0,0.0,0.0,1.0,0.0
164,108,436,492,0,0,0,0,0.0,0.0,1.0,0.0
156,108,444,492,0,0,0,0,0.0,0.0,1.0,0.0
148,108,452,492,0,0,0,0,0.0,0.0,1.0,0.0
140,108,460,492,0,0,0,0,0.0,0.0,1.0,0.0
132,108,468,492,0,0,0,0,0.0,0.0,1.0,0.0
124,108,476,492,0,0,0,0,0.0,0.0,1.0,0.0
132,116,468,484,0,0,0,0,0.0,0.0,0.0,0.0
140,124,460,476,0,0,0,0,0.0,0.0,0.0,0.0
148,132,452,468,0,0,0,0,0.0,0.0,0.0,0.0
156,140,444,460,0,0,0,0,0.0,0.0,0.0,0.0
164,148,436,452,0,0,0,0,0.0,0.0,0.0,0.0
172,156,428,444,0,0,0,0,0.0,0.0,0.0,0.0
180,164,420,436,0,0,0,0,0.0,0.0,0.0,0.0
188,172,412,428,0,0,0,0,0.0,0.0,0.0,0.0
196,180,404,420,0,0,0,0,0.0,0.0,0.0,0.0
204,188,396,412,0,0,0,0,0.0,0.0,0.0,0.0
204,196,396,404,0,0,0,0,0.0,1.0,0.0,0.0
204,204,396,396,0,0,0,0,0.0,1.0,0.0,0.0
204,212,396,388,0,0,0,0,0.0,1.0,0.0,0.0
204,220,396,380,0,0,0,0,0.0,1.0,0.0,0.0
204,228,396,372,0,0,0,0,0.0,1.0,0.0,0.0
204,236,396,364,0,0,0,0,0.0,1.0,0.0,0.0
204,244,396,356,0,0,0,0,0.0,1.0,0.0,0.0
204,252,396,348,0,0,0,0,0.0,1.0,0.0,0.0
204,260,396,340,0,0,0,0,0.0,1.0,0.0,0.0
204,268,396,332,0,0,0,0,0.0,1.0,0.0,0.0
204,276,396,324,0,0,0,0,0.0,1.0,0.0,0.0
204,284,396,316,0,0,0,0,0.0,1.0,0.0,0.0
204,292,396,308,0,0,0,0,0.0,1.0,0.0,0.0
204,300,396,300,0,0,0,0,0.0,1.0,0.0,0.0
204,308,396,292,0,0,0,0,0.0,1.0,0.0,0.0
204,316,396,284,0,0,0,0,0.0,1.0,0.0,0.0
204,324,396,276,0,0,0,0,0.0,1.0,0.0,0.0
204,332,396,268,0,0,0,0,0.0,1.0,0.0,0.0
204,340,396,260,0,0,0,0,0.0,1.0,0.0,0.0
204,348,396,252,0,0,0,0,0.0,1.0,0.0,0.0
204,356,396,244,0,0,0,0,0.0,1.0,0.0,0.0
204,364,396,236,0,0,0,0,0.0,1.0,0.0,0.0
204,372,396,228,0,0,0,0,0.0,1.0,0.0,0.0
204,380,396,220,0,0,0,0,0.0,1.0,0.0,0.0
204,388,396,212,0,0,0,0,0.0,1.0,0.0,0.0
204,396,396,204,0,0,0,0,0.0,1.0,0.0,0.0
204,404,396,196,0,0,0,0,0.0,1.0,0.0,0.0
204,412,396,188,0,0,0,0,0.0,1.0,0.0,0.0
204,420,396,180,0,0,0,0,0.0,1.0,0.0,0.0
204,428,396,172,0,0,0,0,0.0,1.0,0.0,0.0
204,436,396,164,0,0,0,0,0.0,1.0,0.0,0.0
204,444,396,156,0,0,0,0,0.0,1.0,0.0,0.0
204,452,396,148,0,0,0,0,0.0,1.0,0.0,0.0
204,460,396,140,0,0,0,0,0.0,1.0,0.0,0.0
204,468,396,132,0,0,0,0,0.0,1.0,0.0,0.0
204,476,396,124,0,0,0,0,0.0,1.0,0.0,0.0
204,484,396,116,0,0,0,0,0.0,1.0,0.0,0.0
204,492,396,108,0,0,0,0,0.0,1.0,0.0,0.0
204,500,396,100,0,0,0,0,0.0,1.0,0.0,0.0
204,508,396,92,0,0,0,0,0.0,1.0,0.0,0.0
204,516,396,84,0,0,0,0,0.0,1.0,0.0,0.0
204,524,396,76,0,0,0,0,0.0,1.0,0.0,0.0
204,532,396,68,0,0,0,0,0.0,1.0,0.0,0.0
204,540,396,60,0,0,0,0,0.0,1.0,0.0,0.0
204,548,396,52,0,0,0,0,0.0,1.0,0.0,0.0
212,540,388,60,0,0,0,0,0.0,0.0,0.0,0.0
220,532,380,68,0,0,0,0,0.0,0.0,0.0,0.0
228,524,372,76,0,0,0,0,0.0,0.0,0.0,0.0
236,516,364,84,0,0,0,0,0.0,0.0,0.0,0.0
244,508,356,92,0,0,0,0,0.0,0.0,0.0,0.0
252,500,348,100,0,0,0,0,0.0,0.0,0.0,0.0
260,500,340,100,0,0,0,0,1.0,0.0,0.0,0.0
268,500,332,100,0,0,0,0,1.0,0.0,0.0,0.0
276,500,324,100,0,0,0,0,1.0,0.0,0.0,0.0
284,500,316,100,0,0,0,0,1.0,0.0,0.0,0.0
292,500,308,100,0,0,0,0,1.0,0.0,0.0,0.0
300,500,300,100,0,0,0,0,1.0,0.0,0.0,0.0
308,500,292,100,0,0,0,0,1.0,0.0,0.0,0.0
316,500,284,100,0,0,0,0,1.0,0.0,0.0,0.0
324,492,276,108,0,0,0,0,0.0,0.0,0.0,0.0
332,484,268,116,0,0,0,0,0.0,0.0,0.0,0.0
340,476,260,124,0,0,0,0,0.0,0.0,0.0,0.0
348,468,252,132,0,0,0,0,0.0,0.0,0.0,0.0
356,460,244,140,0,0,0,0,0.0,0.0,0.0,0.0
364,452,236,148,0,0,0,0,0.0,0.0,0.0,0.0
372,444,228,156,0,0,0,0,0.0,0.0,0.0,0.0
380,436,220,164,0,0,0,0,0.0,0.0,0.0,0.0
388,428,212,172,0,0,0,0,0.0,0.0,0.0,0.0
396,428,204,172,0,0,0,0,1.0,0.0,0.0,0.0
404,428,196,172,0,0,0,0,1.0,0.0,0.0,0.0
412,428,188,172,0,0,0,0,1.0,0.0,0.0,0.0
420,428,180,172,0,0,0,0,1.0,0.0,0.0,0.0
428,428,172,172,0,0,0,0,1.0,0.0,0.0,0.0
436,428,164,172,0,0,0,0,1.0,0.0,0.0,0.0
444,428,156,172,0,0,0,0,1.0,0.0,0.0,0.0
452,428,148,172,0,0,0,0,1.0,0.0,0.0,0.0
460,428,140,172,0,0,0,0,1.0,0.0,0.0,0.0
468,428,132,172,0,0,0,0,1.0,0.0,0.0,0.0
476,428,124,172,0,0,0,0,1.0,0.0,0.0,0.0
484,428,116,172,0,0,0,0,1.0,0.0,0.0,0.0
492,428,108,172,0,0,0,0,1.0,0.0,0.0,0.0
500,428,100,172,0,0,0,0,1.0,0.0,0.0,0.0
508,428,92,172,0,0,0,0,1.0,0.0,0.0,0.0
516,428,84,172,0,0,0,0,1.0,0.0,0.0,0.0
516,436,84,164,0,0,0,0,0.0,1.0,0.0,0.0
516,444,84,156,0,0,0,0,0.0,1.0,0.0,0.0
516,452,84,148,0,0,0,0,0.0,1.0,0.0,0.0
516,460,84,140,0,0,0,0,0.0,1.0,0.0,0.0
516,468,84,132,0,0,0,0,0.0,1.0,0.0,0.0
508,460,92,140,0,0,0,0,0.0,0.0,0.0,0.0
500,452,100,148,0,0,0,0,0.0,0.0,0.0,0.0
492,444,108,156,0,0,0,0,0.0,0.0,0.0,0.0
484,436,116,164,0,0,0,0,0.0,0.0,0.0,0.0
476,428,124,172,0,0,0,0,0.0,0.0,0.0,0.0
468,420,132,180,0,0,0,0,0.0,0.0,0.0,0.0
460,412,140,188,0,0,0,0,0.0,0.0,0.0,0.0
452,404,148,196,0,0,0,0,0.0,0.0,0.0,0.0
444,396,156,204,0,0,0,0,0.0,0.0,0.0,0.0
436,388,164,212,0,0,0,0,0.0,0.0,0.0,0.0
428,380,172,220,0,0,0,0,0.0,0.0,0.0,0.0
420,372,180,228,0,0,0,0,0.0,0.0,0.0,0.0
412,364,188,236,0,0,0,0,0.0,0.0,0.0,0.0
404,356,196,244,0,0,0,0,0.0,0.0,0.0,0.0
396,348,204,252,0,0,0,0,0.0,0.0,0.0,0.0
388,340,212,260,0,0,0,0,0.0,0.0,0.0,0.0
380,332,220,268,0,0,0,0,0.0,0.0,0.0,0.0
372,324,228,276,0,0,0,0,0.0,0.0,0.0,0.0
364,316,236,284,0,0,0,0,0.0,0.0,0.0,0.0
356,308,244,292,0,0,0,0,0.0,0.0,0.0,0.0
348,300,252,300,0,0,0,0,0.0,0.0,0.0,0.0
340,292,260,308,0,0,0,0,0.0,0.0,0.0,0.0
332,284,268,316,0,0,0,0,0.0,0.0,0.0,0.0
324,276,276,324,0,0,0,0,0.0,0.0,0.0,0.0
316,268,284,332,0,0,0,0,0.0,0.0,0.0,0.0
308,260,292,340,0,0,0,0,0.0,0.0,0.0,0.0
300,252,300,348,0,0,0,0,0.0,0.0,0.0,0.0
292,244,308,356,0,0,0,0,0.0,0.0,0.0,0.0
284,236,316,364,0,0,0,0,0.0,0.0,0.0,0.0
276,228,324,372,0,0,0,0,0.0,0.0,0.0,0.0
268,220,332,380,0,0,0,0,0.0,0.0,0.0,0.0
260,212,340,388,0,0,0,0,0.0,0.0,0.0,0.0
252,204,348,396,0,0,0,0,0.0,0.0,0.0,0.0
244,196,356,404,0,0,0,0,0.0,0.0,0.0,0.0
236,188,364,412,0,0,0,0,0.0,0.0,0.0,0.0
228,180,372,420,0,0,0,0,0.0,0.0,0.0,0.0
228,172,372,428,0,0,0,0,0.0,0.0,0.0,1.0
228,164,372,436,0,0,0,0,0.0,0.0,0.0,1.0
228,156,372,444,0,0,0,0,0.0,0.0,0.0,1.0
228,148,372,452,0,0,0,0,0.0,0.0,0.0,1.0
228,140,372,460,0,0,0,0,0.0,0.0,0.0,1.0
228,132,372,468,0,0,0,0,0.0,0.0,0.0,1.0
228,124,372,476,0,0,0,0,0.0,0.0,0.0,1.0
228,116,372,484,0,0,0,0,0.0,0.0,0.0,1.0
228,108,372,492,0,0,0,0,0.0,0.0,0.0,1.0
228,100,372,500,0,0,0,0,0.0,0.0,0.0,1.0
228,92,372,508,0,0,0,0,0.0,0.0,0.0,1.0
228,84,372,516,0,0,0,0,0.0,0.0,0.0,1.0
228,76,372,524,0,0,0,0,0.0,0.0,0.0,1.0
228,68,372,532,0,0,0,0,0.0,0.0,0.0,1.0
236,76,364,524,0,0,0,0,0.0,0.0,0.0,0.0
244,84,356,516,0,0,0,0,0.0,0.0,0.0,0.0
252,92,348,508,0,0,0,0,0.0,0.0,0.0,0.0
260,100,340,500,0,0,0,0,0.0,0.0,0.0,0.0
268,108,332,492,0,0,0,0,0.0,0.0,0.0,0.0
276,116,324,484,0,0,0,0,0.0,0.0,0.0,0.0
284,124,316,476,0,0,0,0,0.0,0.0,0.0,0.0
292,132,308,468,0,0,0,0,0.0,0.0,0.0,0.0
300,140,300,460,0,0,0,0,0.0,0.0,0.0,0.0
308,148,292,452,0,0,0,0,0.0,0.0,0.0,0.0
316,156,284,444,0,0,0,0,0.0,0.0,0.0,0.0
324,164,276,436,0,0,0,0,0.0,0.0,0.0,0.0
332,172,268,428,0,0,0,0,0.0,0.0,0.0,0.0
340,180,260,420,0,0,0,0,0.0,0.0,0.0,0.0
348,188,252,412,0,0,0,0,0.0,0.0,0.0,0.0
348,196,252,404,0,0,0,0,0.0,1.0,0.0,0.0
348,204,252,396,0,0,0,0,0.0,1.0,0.0,0.0
348,212,252,388,0,0,0,0,0.0,1.0,0.0,0.0
348,220,252,380,0,0,0,0,0.0,1.0,0.0,0.0
348,228,252,372,0,0,0,0,0.0,1.0,0.0,0.0
348,236,252,364,0,0,0,0,0.0,1.0,0.0,0.0
348,244,252,356,0,0,0,0,0.0,1.0,0.0,0.0
348,252,252,348,0,0,0,0,0.0,1.0,0.0,0.0
348,260,252,340,0,0,0,0,0.0,1.0,0.0,0.0
348,268,252,332,0,0,0,0,0.0,1.0,0.0,0.0
348,276,252,324,0,0,0,0,0.0,1.0,0.0,0.0
348,284,252,316,0,0,0,0,0.0,1.0,0.0,0.0
348,292,252,308,0,0,0,0,0.0,1.0,0.0,0.0
348,300,252,300,0,0,0,0,0.0,1.0,0.0,0.0
348,308,252,292,0,0,0,0,0.0,1.0,0.0,0.0
348,316,252,284,0,0,0,0,0.0,1.0,0.0,0.0
348,324,252,276,0,0,0,0,0.0,1.0,0.0,0.0
348,332,252,268,0,0,0,0,0.0,1.0,0.0,0.0
348,340,252,260,0,0,0,0,0.0,1.0,0.0,0.0
348,348,252,252,0,0,0,0,0.0,1.0,0.0,0.0
348,356,252,244,0,0,0,0,0.0,1.0,0.0,0.0
348,364,252,236,0,0,0,0,0.0,1.0,0.0,0.0
348,372,252,228,0,0,0,0,0.0,1.0,0.0,0.0
348,380,252,220,0,0,0,0,0.0,1.0,0.0,0.0
348,388,252,212,0,0,0,0,0.0,1.0,0.0,0.0
348,396,252,204,0,0,0,0,0.0,1.0,0.0,0.0
348,404,252,196,0,0,0,0,0.0,1.0,0.0,0.0
348,412,252,188,0,0,0,0,0.0,1.0,0.0,0.0
348,420,252,180,0,0,0,0,0.0,1.0,0.0,0.0
348,428,252,172,0,0,0,0,0.0,1.0,0.0,0.0
348,436,252,164,0,0,0,0,0.0,1.0,0.0,0.0
348,444,252,156,0,0,0,0,0.0,1.0,0.0,0.0
356,436,244,164,0,0,0,0,0.0,0.0,0.0,0.0
364,428,236,172,0,0,0,0,0.0,0.0,0.0,0.0
372,420,228,180,0,0,0,0,0.0,0.0,0.0,0.0
380,412,220,188,0,0,0,0,0.0,0.0,0.0,0.0
388,404,212,196,0,0,0,0,0.0,0.0,0.0,0.0
396,396,204,204,0,0,0,0,0.0,0.0,0.0,0.0
404,388,196,212,0,0,0,0,0.0,0.0,0.0,0.0
412,380,188,220,0,0,0,0,0.0,0.0,0.0,0.0
420,372,180,228,0,0,0,0,0.0,0.0,0.0,0.0
428,364,172,236,0,0,0,0,0.0,0.0,0.0,0.0
436,356,164,244,0,0,0,0,0.0,0.0,0.0,0.0
444,348,156,252,0,0,0,0,0.0,0.0,0.0,0.0
452,340,148,260,0,0,0,0,0.0,0.0,0.0,0.0
460,332,140,268,0,0,0,0,0.0,0.0,0.0,0.0
468,340,132,260,0,0,0,0,0.0,0.0,0.0,0.0
476,348,124,252,0,0,0,0,0.0,0.0,0.0,0.0
468,356,132,244,0,0,0,0,0.0,0.0,0.0,0.0
460,364,140,236,0,0,0,0,0.0,0.0,0.0,0.0
452,372,148,228,0,0,0,0,0.0,0.0,0.0,0.0
444,380,156,220,0,0,0,0,0.0,0.0,0.0,0.0
436,372,164,228,0,0,0,0,0.0,0.0,0.0,0.0
428,364,172,236,0,0,0,0,0.0,0.0,0.0,0.0
420,356,180,244,0,0,0,0,0.0,0.0,0.0,0.0
412,348,188,252,0,0,0,0,0.0,0.0,0.0,0.0
404,340,196,260,0,0,0,0,0.0,0.0,0.0,0.0
396,332,204,268,0,0,0,0,0.0,0.0,0.0,0.0
388,324,212,276,0,0,0,0,0.0,0.0,0.0,0.0
380,316,220,284,0,0,0,0,0.0,0.0,0.0,0.0
372,308,228,292,0,0,0,0,0.0,0.0,0.0,0.0
364,300,236,300,0,0,0,0,0.0,0.0,0.0,0.0
356,292,244,308,0,0,0,0,0.0,0.0,0.0,0.0
348,284,252,316,0,0,0,0,0.0,0.0,0.0,0.0
340,276,260,324,0,0,0,0,0.0,0.0,0.0,0.0
332,268,268,332,0,0,0,0,0.0,0.0,0.0,0.0
324,260,276,340,0,0,0,0,0.0,0.0,0.0,0.0
324,252,276,348,0,0,0,0,0.0,0.0,0.0,1.0
324,244,276,356,0,0,0,0,0.0,0.0,0.0,1.0
324,236,276,364,0,0,0,0,0.0,0.0,0.0,1.0
324,228,276,372,0,0,0,0,0.0,0.0,0.0,1.0
324,220,276,380,0,0,0,0,0.0,0.0,0.0,1.0
324,212,276,388,0,0,0,0,0.0,0.0,0.0,1.0
324,204,276,396,0,0,0,0,0.0,0.0,0.0,1.0
324,196,276,404,0,0,0,0,0.0,0.0,0.0,1.0
324,188,276,412,0,0,0,0,0.0,0.0,0.0,1.0
324,180,276,420,0,0,0,0,0.0,0.0,0.0,1.0
324,172,276,428,0,0,0,0,0.0,0.0,0.0,1.0
324,164,276,436,0,0,0,0,0.0,0.0,0.0,1.0
324,156,276,444,0,0,0,0,0.0,0.0,0.0,1.0
324,148,276,452,0,0,0,0,0.0,0.0,0.0,1.0
324,140,276,460,0,0,0,0,0.0,0.0,0.0,1.0
324,132,276,468,0,0,0,0,0.0,0.0,0.0,1.0
324,124,276,476,0,0,0,0,0.0,0.0,0.0,1.0
324,116,276,484,0,0,0,0,0.0,0.0,0.0,1.0
324,108,276,492,0,0,0,0,0.0,0.0,0.0,1.0
324,100,276,500,0,0,0,0,0.0,0.0,0.0,1.0
324,92,276,508,0,0,0,0,0.0,0.0,0.0,1.0
324,84,276,516,0,0,0,0,0.0,0.0,0.0,1.0
324,76,276,524,0,0,0,0,0.0,0.0,0.0,1.0
324,68,276,532,0,0,0,0,0.0,0.0,0.0,1.0
316,76,284,524,0,0,0,0,0.0,0.0,0.0,0.0
308,84,292,516,0,0,0,0,0.0,0.0,0.0,0.0
300,92,300,508,0,0,0,0,0.0,0.0,0.0,0.0
292,100,308,500,0,0,0,0,0.0,0.0,0.0,0.0
284,108,316,492,0,0,0,0,0.0,0.0,0.0,0.0
276,116,324,484,0,0,0,0,0.0,0.0,0.0,0.0
268,124,332,476,0,0,0,0,0.0,0.0,0.0,0.0
260,132,340,468,0,0,0,0,0.0,0.0,0.0,0.0
252,140,348,460,0,0,0,0,0.0,0.0,0.0,0.0
244,148,356,452,0,0,0,0,0.0,0.0,0.0,0.0
236,156,364,444,0,0,0,0,0.0,0.0,0.0,0.0
228,164,372,436,0,0,0,0,0.0,0.0,0.0,0.0
220,172,380,428,0,0,0,0,0.0,0.0,0.0,0.0
212,180,388,420,0,0,0,0,0.0,0.0,0.0,0.0
204,188,396,412,0,0,0,0,0.0,0.0,0.0,0.0
196,196,404,404,0,0,0,0,0.0,0.0,0.0,0.0
188,204,412,396,0,0,0,0,0.0,0.0,0.0,0.0
180,212,420,388,0,0,0,0,0.0,0.0,0.0,0.0
172,220,428,380,0,0,0,0,0.0,0.0,0.0,0.0
164,228,436,372,0,0,0,0,0.0,0.0,0.0,0.0
156,236,444,364,0,0,0,0,0.0,0.0,0.0,0.0
156,244,444,356,0,0,0,0,0.0,1.0,0.0,0.0
156,252,444,348,0,0,0,0,0.0,1.0,0.0,0.0
156,260,444,340,0,0,0,0,0.0,1.0,0.0,0.0
156,268,444,332,0,0,0,0,0.0,1.0,0.0,0.0
156,276,444,324,0,0,0,0,0.0,1.0,0.0,0.0
156,284,444,316,0,0,0,0,0.0,1.0,0.0,0.0
156,292,444,308,0,0,0,0,0.0,1.0,0.0,0.0
156,300,444,300,0,0,0,0,0.0,1.0,0.0,0.0
156,308,444,292,0,0,0,0,0.0,1.0,0.0,0.0
156,316,444,284,0,0,0,0,0.0,1.0,0.0,0.0
156,324,444,276,0,0,0,0,0.0,1.0,0.0,0.0
156,332,444,268,0,0,0,0,0.0,1.0,0.0,0.0
156,340,444,260,0,0,0,0,0.0,1.0,0.0,0.0
156,348,444,252,0,0,0,0,0.0,1.0,0.0,0.0
156,356,444,244,0,0,0,0,0.0,1.0,0.0,0.0
156,364,444,236,0,0,0,0,0.0,1.0,0.0,0.0
156,372,444,228,0,0,0,0,0.0,1.0,0.0,0.0
156,380,444,220,0,0,0,0,0.0,1.0,0.0,0.0
156,388,444,212,0,0,0,0,0.0,1.0,0.0,0.0
156,396,444,204,0,0,0,0,0.0,1.0,0.0,0.0
156,404,444,196,0,0,0,0,0.0,1.0,0.0,0.0
156,412,444,188,0,0,0,0,0.0,1.0,0.0,0.0
156,420,444,180,0,0,0,0,0.0,1.0,0.0,0.0
156,428,444,172,0,0,0,0,0.0,1.0,0.0,0.0
156,436,444,164,0,0,0,0,0.0,1.0,0.0,0.0
156,444,444,156,0,0,0,0,0.0,1.0,0.0,0.0
156,452,444,148,0,0,0,0,0.0,1.0,0.0,0.0
156,460,444,140,0,0,0,0,0.0,1.0,0.0,0.0
156,468,444,132,0,0,0,0,0.0,1.0,0.0,0.0
156,476,444,124,0,0,0,0,0.0,1.0,0.0,0.0
148,468,452,132,0,0,0,0,0.0,0.0,0.0,0.0
140,460,460,140,0,0,0,0,0.0,0.0,0.0,0.0
132,452,468,148,0,0,0,0,0.0,0.0,0.0,0.0
124,444,476,156,0,0,0,0,0.0,0.0,0.0,0.0
116,436,484,164,0,0,0,0,0.0,0.0,0.0,0.0
108,428,492,172,0,0,0,0,0.0,0.0,0.0,0.0
100,420,500,180,0,0,0,0,0.0,0.0,0.0,0.0
100,412,500,188,0,0,0,0,0.0,0.0,0.0,1.0
100,404,500,196,0,0,0,0,0.0,0.0,0.0,1.0
100,396,500,204,0,0,0,0,0.0,0.0,0.0,1.0
100,388,500,212,0,0,0,0,0.0,0.0,0.0,1.0
100,380,500,220,0,0,0,0,0.0,0.0,0.0,1.0
100,372,500,228,0,0,0,0,0.0,0.0,0.0,1.0
100,364,500,236,0,0,0,0,0.0,0.0,0.0,1.0
100,356,500,244,0,0,0,0,0.0,0.0,0.0,1.0
100,348,500,252,0,0,0,0,0.0,0.0,0.0,1.0
100,340,500,260,0,0,0,0,0.0,0.0,0.0,1.0
100,332,500,268,0,0,0,0,0.0,0.0,0.0,1.0
100,324,500,276,0,0,0,0,0.0,0.0,0.0,1.0
100,316,500,284,0,0,0,0,0.0,0.0,0.0,1.0
100,308,500,292,0,0,0,0,0.0,0.0,0.0,1.0
100,300,500,300,0,0,0,0,0.0,0.0,0.0,1.0
100,292,500,308,0,0,0,0,0.0,0.0,0.0,1.0
100,284,500,316,0,0,0,0,0.0,0.0,0.0,1.0
100,276,500,324,0,0,0,0,0.0,0.0,0.0,1.0
100,268,500,332,0,0,0,0,0.0,0.0,0.0,1.0
100,260,500,340,0,0,0,0,0.0,0.0,0.0,1.0
100,252,500,348,0,0,0,0,0.0,0.0,0.0,1.0
100,244,500,356,0,0,0,0,0.0,0.0,0.0,1.0
100,236,500,364,0,0,0,0,0.0,0.0,0.0,1.0
108,228,492,372,0,0,0,0,0.0,0.0,0.0,0.0
116,220,484,380,0,0,0,0,0.0,0.0,0.0,0.0
124,212,476,388,0,0,0,0,0.0,0.0,0.0,0.0
132,204,468,396,0,0,0,0,0.0,0.0,0.0,0.0
140,196,460,404,0,0,0,0,0.0,0.0,0.0,0.0
148,188,452,412,0,0,0,0,0.0,0.0,0.0,0.0
156,180,444,420,0,0,0,0,0.0,0.0,0.0,0.0
164,172,436,428,0,0,0,0,0.0,0.0,0.0,0.0
172,164,428,436,0,0,0,0,0.0,0.0,0.0,0.0
180,156,420,444,0,0,0,0,0.0,0.0,0.0,0.0
188,148,412,452,0,0,0,0,0.0,0.0,0.0,0.0
196,140,404,460,0,0,0,0,0.0,0.0,0.0,0.0
204,132,396,468,0,0,0,0,0.0,0.0,0.0,0.0
212,124,388,476,0,0,0,0,0.0,0.0,0.0,0.0
220,116,380,484,0,0,0,0,0.0,0.0,0.0,0.0
228,108,372,492,0,0,0,0,0.0,0.0,0.0,0.0
236,100,364,500,0,0,0,0,0.0,0.0,0.0,0.0
244,92,356,508,0,0,0,0,0.0,0.0,0.0,0.0
252,84,348,516,0,0,0,0,0.0,0.0,0.0,0.0
260,76,340,524,0,0,0,0,0.0,0.0,0.0,0.0
268,68,332,532,0,0,0,0,0.0,0.0,0.0,0.0
276,60,324,540,0,0,0,0,0.0,0.0,0.0,0.0
284,52,316,548,0,0,0,0,0.0,0.0,0.0,0.0
292,44,308,556,0,0,0,0,0.0,0.0,0.0,0.0
300,36,300,564,0,0,0,0,0.0,0.0,0.0,0.0
308,28,292,572,0,0,0,0,0.0,0.0,0.0,0.0
316,28,284,572,0,0,0,0,1.0,0.0,0.0,0.0
324,28,276,572,0,0,0,0,1.0,0.0,0.0,0.0
332,28,268,572,0,0,0,0,1.0,0.0,0.0,0.0
340,28,260,572,0,0,0,0,1.0,0.0,0.0,0.0
348,28,252,572,0,0,0,0,1.0,0.0,0.0,0.0
356,28,244,572,0,0,0,0,1.0,0.0,0.0,0.0
364,28,236,572,0,0,0,0,1.0,0.0,0.0,0.0
372,28,228,572,0,0,0,0,1.0,0.0,0.0,0.0
380,28,220,572,0,0,0,0,1.0,0.0,0.0,0.0
388,28,212,572,0,0,0,0,1.0,0.0,0.0,0.0
396,28,204,572,0,0,0,0,1.0,0.0,0.0,0.0
404,28,196,572,0,0,0,0,1.0,0.0,0.0,0.0
412,28,188,572,0,0,0,0,1.0,0.0,0.0,0.0
420,28,180,572,0,0,0,0,1.0,0.0,0.0,0.0
428,28,172,572,0,0,0,0,1.0,0.0,0.0,0.0
436,28,164,572,0,0,0,0,1.0,0.0,0.0,0.0
444,36,156,564,0,0,0,0,0.0,0.0,0.0,0.0
452,44,148,556,0,0,0,0,0.0,0.0,0.0,0.0
460,52,140,548,0,0,0,0,0.0,0.0,0.0,0.0
468,60,132,540,0,0,0,0,0.0,0.0,0.0,0.0
476,60,124,540,0,0,0,0,1.0,0.0,0.0,0.0
484,60,116,540,0,0,0,0,1.0,0.0,0.0,0.0
492,60,108,540,0,0,0,0,1.0,0.0,0.0,0.0
500,60,100,540,0,0,0,0,1.0,0.0,0.0,0.0
508,60,92,540,0,0,0,0,1.0,0.0,0.0,0.0
500,68,100,532,0,0,0,0,0.0,0.0,0.0,0.0
492,76,108,524,0,0,0,0,0.0,0.0,0.0,0.0
484,84,116,516,0,0,0,0,0.0,0.0,0.0,0.0
476,92,124,508,0,0,0,0,0.0,0.0,0.0,0.0
468,100,132,500,0,0,0,0,0.0,0.0,0.0,0.0
460,108,140,492,0,0,0,0,0.0,0.0,0.0,0.0
452,116,148,484,0,0,0,0,0.0,0.0,0.0,0.0
444,124,156,476,0,0,0,0,0.0,0.0,0.0,0.0
436,132,164,468,0,0,0,0,0.0,0.0,0.0,0.0
428,140,172,460,0,0,0,0,0.0,0.0,0.0,0.0
420,148,180,452,0,0,0,0,0.0,0.0,0.0,0.0
412,156,188,444,0,0,0,0,0.0,0.0,0.0,0.0
404,164,196,436,0,0,0,0,0.0,0.0,0.0,0.0
396,172,204,428,0,0,0,0,0.0,0.0,0.0,0.0
388,180,212,420,0,0,0,0,0.0,0.0,0.0,0.0
380,188,220,412,0,0,0,0,0.0,0.0,0.0,0.0
372,196,228,404,0,0,0,0,0.0,0.0,0.0,0.0
364,204,236,396,0,0,0,0,0.0,0.0,0.0,0.0
356,212,244,388,0,0,0,0,0.0,0.0,0.0,0.0
348,220,252,380,0,0,0,0,0.0,0.0,0.0,0.0
340,228,260,372,0,0,0,0,0.0,0.0,0.0,0.0
332,236,268,364,0,0,0,0,0.0,0.0,0.0,0.0
324,244,276,356,0,0,0,0,0.0,0.0,0.0,0.0
316,252,284,348,0,0,0,0,0.0,0.0,0.0,0.0
308,260,292,340,0,0,0,0,0.0,0.0,0.0,0.0
300,268,300,332,0,0,0,0,0.0,0.0,0.0,0.0
292,276,308,324,0,0,0,0,0.0,0.0,0.0,0.0
284,284,316,316,0,0,0,0,0.0,0.0,0.0,0.0
276,292,324,308,0,0,0,0,0.0,0.0,0.0,0.0
268,300,332,300,0,0,0,0,0.0,0.0,0.0,0.0
260,308,340,292,0,0,0,0,0.0,0.0,0.0,0.0
252,316,348,284,0,0,0,0,0.0,0.0,0.0,0.0
244,324,356,276,0,0,0,0,0.0,0.0,0.0,0.0
236,324,364,276,0,0,0,0,0.0,0.0,1.0,0.0
228,324,372,276,0,0,0,0,0.0,0.0,1.0,0.0
220,324,380,276,0,0,0,0,0.0,0.0,1.0,0.0
212,324,388,276,0,0,0,0,0.0,0.0,1.0,0.0
204,324,396,276,0,0,0,0,0.0,0.0,1.0,0.0
196,324,404,276,0,0,0,0,0.0,0.0,1.0,0.0
188,324,412,276,0,0,0,0,0.0,0.0,1.0,0.0
180,324,420,276,0,0,0,0,0.0,0.0,1.0,0.0
172,324,428,276,0,0,0,0,0.0,0.0,1.0,0.0
164,324,436,276,0,0,0,0,0.0,0.0,1.0,0.0
156,324,444,276,0,0,0,0,0.0,0.0,1.0,0.0
148,324,452,276,0,0,0,0,0.0,0.0,1.0,0.0
140,324,460,276,0,0,0,0,0.0,0.0,1.0,0.0
132,324,468,276,0,0,0,0,0.0,0.0,1.0,0.0
124,324,476,276,0,0,0,0,0.0,0.0,1.0,0.0
116,324,484,276,0,0,0,0,0.0,0.0,1.0,0.0
108,324,492,276,0,0,0,0,0.0,0.0,1.0,0.0
100,324,500,276,0,0,0,0,0.0,0.0,1.0,0.0
92,324,508,276,0,0,0,0,0.0,0.0,1.0,0.0
100,316,500,284,0,0,0,0,0.0,0.0,0.0,0.0
100,308,500,292,0,0,0,0,0.0,0.0,0.0,1.0
100,300,500,300,0,0,0,0,0.0,0.0,0.0,1.0
100,292,500,308,0,0,0,0,0.0,0.0,0.0,1.0
100,284,500,316,0,0,0,0,0.0,0.0,0.0,1.0
100,276,500,324,0,0,0,0,0.0,0.0,0.0,1.0
100,268,500,332,0,0,0,0,0.0,0.0,0.0,1.0
100,260,500,340,0,0,0,0,0.0,0.0,0.0,1.0
100,252,500,348,0,0,0,0,0.0,0.0,0.0,1.0
100,244,500,356,0,0,0,0,0.0,0.0,0.0,1.0
108,252,492,348,0,0,0,0,0.0,0.0,0.0,0.0
116,260,484,340,0,0,0,0,0.0,0.0,0.0,0.0
124,268,476,332,0,0,0,0,0.0,0.0,0.0,0.0
132,276,468,324,0,0,0,0,0.0,0.0,0.0,0.0
140,284,460,316,0,0,0,0,0.0,0.0,0.0,0.0
148,292,452,308,0,0,0,0,0.0,0.0,0.0,0.0
156,300,444,300,0,0,0,0,0.0,0.0,0.0,0.0
164,308,436,292,0,0,0,0,0.0,0.0,0.0,0.0
172,316,428,284,0,0,0,0,0.0,0.0,0.0,0.0
180,324,420,276,0,0,0,0,0.0,0.0,0.0,0.0
188,332,412,268,0,0,0,0,0.0,0.0,0.0,0.0
196,340,404,260,0,0,0,0,0.0,0.0,0.0,0.0
204,348,396,252,0,0,0,0,0.0,0.0,0.0,0.0
212,356,388,244,0,0,0,0,0.0,0.0,0.0,0.0
220,364,380,236,0,0,0,0,0.0,0.0,0.0,0.0
228,372,372,228,0,0,0,0,0.0,0.0,0.0,0.0
236,380,364,220,0,0,0,0,0.0,0.0,0.0,0.0
244,388,356,212,0,0,0,0,0.0,0.0,0.0,0.0
252,396,348,204,0,0,0,0,0.0,0.0,0.0,0.0
260,404,340,196,0,0,0,0,0.0,0.0,0.0,0.0
268,412,332,188,0,0,0,0,0.0,0.0,0.0,0.0
276,420,324,180,0,0,0,0,0.0,0.0,0.0,0.0
284,428,316,172,0,0,0,0,0.0,0.0,0.0,0.0
292,436,308,164,0,0,0,0,0.0,0.0,0.0,0.0
300,444,300,156,0,0,0,0,0.0,0.0,0.0,0.0
308,452,292,148,0,0,0,0,0.0,0.0,0.0,0.0
316,460,284,140,0,0,0,0,0.0,0.0,0.0,0.0
324,468,276,132,0,0,0,0,0.0,0.0,0.0,0.0
332,460,268,140,0,0,0,0,0.0,0.0,0.0,0.0
340,452,260,148,0,0,0,0,0.0,0.0,0.0,0.0
348,444,252,156,0,0,0,0,0.0,0.0,0.0,0.0
356,436,244,164,0,0,0,0,0.0,0.0,0.0,0.0
364,428,236,172,0,0,0,0,0.0,0.0,0.0,0.0
372,420,228,180,0,0,0,0,0.0,0.0,0.0,0.0
380,412,220,188,0,0,0,0,0.0,0.0,0.0,0.0
380,404,220,196,0,0,0,0,0.0,0.0,0.0,1.0
380,396,220,204,0,0,0,0,0.0,0.0,0.0,1.0
380,388,220,212,0,0,0,0,0.0,0.0,0.0,1.0
380,380,220,220,0,0,0,0,0.0,0.0,0.0,1.0
388,372,212,228,0,0,0,0,0.0,0.0,0.0,0.0
388,364,212,236,0,0,0,0,0.0,0.0,0.0,1.0
388,356,212,244,0,0,0,0,0.0,0.0,0.0,1.0
388,348,212,252,0,0,0,0,0.0,0.0,0.0,1.0
380,356,220,244,0,0,0,0,0.0,0.0,0.0,0.0
372,364,228,236,0,0,0,0,0.0,0.0,0.0,0.0
364,372,236,228,0,0,0,0,0.0,0.0,0.0,0.0
356,380,244,220,0,0,0,0,0.0,0.0,0.0,0.0
348,388,252,212,0,0,0,0,0.0,0.0,0.0,0.0
340,396,260,204,0,0,0,0,0.0,0.0,0.0,0.0
332,404,268,196,0,0,0,0,0.0,0.0,0.0,0.0
324,412,276,188,0,0,0,0,0.0,0.0,0.0,0.0
316,420,284,180,0,0,0,0,0.0,0.0,0.0,0.0
308,428,292,172,0,0,0,0,0.0,0.0,0.0,0.0
300,436,300,164,0,0,0,0,0.0,0.0,0.0,0.0
292,444,308,156,0,0,0,0,0.0,0.0,0.0,0.0
284,444,316,156,0,0,0,0,0.0,0.0,1.0,0.0
276,444,324,156,0,0,0,0,0.0,0.0,1.0,0.0
268,444,332,156,0,0,0,0,0.0,0.0,1.0,0.0
260,444,340,156,0,0,0,0,0.0,0.0,1.0,0.0
252,444,348,156,0,0,0,0,0.0,0.0,1.0,0.0
244,444,356,156,0,0,0,0,0.0,0.0,1.0,0.0
236,444,364,156,0,0,0,0,0.0,0.0,1.0,0.0
228,444,372,156,0,0,0,0,0.0,0.0,1.0,0.0
220,444,380,156,0,0,0,0,0.0,0.0,1.0,0.0
212,444,388,156,0,0,0,0,0.0,0.0,1.0,0.0
204,444,396,156,0,0,0,0,0.0,0.0,1.0,0.0
196,444,404,156,0,0,0,0,0.0,0.0,1.0,0.0
188,444,412,156,0,0,0,0,0.0,0.0,1.0,0.0
180,444,420,156,0,0,0,0,0.0,0.0,1.0,0.0
